location,lat,lon,name,address,description,furnishing,facing,water,bathroom,security,non-veg,lift,AC,swimming pool,servant room,gas,sewage treatment,visitor parking,gym,club house,children play area,park,house keeping,internet,intercom,fire safety,shopping center,water harvest,power backup,rent,builtup,deposit,bedroom,house type,preferred tenants,availability,parking,age,balcony
Anna Nagar,13.088,80.201,Sree Guru Enclave Anna Nagar West - 3 BHK in Anna Nagar West for Rent,"Sree Guru Enclave, Café Coffee Day, 5th Main Rd, Anna Nagar West, S Block, Anna Nagar, Chennai","The house is semi furnished with wardrobes,modular kitchen,Kitchen cabinets , Chimney , pooja room, two cars garage, geyser,tube lights, fans and electrical fittings. Covered car & bike parking ",Semi,South,Both,3,Yes,Yes,Yes,No,No,No,No,No,No,No,No,No,No,No,No,Yes,No,No,No,No,28000/M,1550,280000,3 Bedroom,Apartment,Family, Immediately,Bike and Car,5-10 years,3
Anna Nagar,13.092,80.208,VUYT Castle Anna Nagar - 1 RK in Anna Nagar for Rent,"Vuyt Castle, Near Chinmaya Vidyalaya Senior Secondary School, Anna Nagar Road, G Block, Anna Nagar, Chennai","The house is Semi furnished. with cupboards , Kitchen covered with shelves , Kitchen cabinets , lights - fans , Covered car & bike parking . It has easy access to market, schools, hospitals, banks and ATM's as well",Semi,East,Both,1,No,Yes,No,No,No,No,No,No,No,No,No,No,No,No,No,No,No,No,No,No,15000/M,500,60000,1 Bedroom,Apartment,Doesn't Matter, Immediately,Bike and Car,1-3 years,1
Anna Nagar,13.089,80.21,Meghna foundations Anna Nagar - 2 BHK in Anna Nagar for Rent,"Meghna Foundations, 7th Main Road Near Sundaram Medical Foundation","The house is semi furnished with Wardrobes and basic electric fittings.It has easy access to market, schools, hospitals, banks and ATM's as well",Semi,North,Both,2,Yes,Yes,Yes,No,No,No,No,No,No,No,No,No,Yes,No,No,No,No,Yes,No,No,20000/M,1000,100000,2 Bedroom,Apartment,Doesn't Matter, Immediately,Bike and Car,5-10 years,4
Anna Nagar,13.081,80.213,Not disclosed Anna Nagar - 2 BHK in Anna Nagar for Rent,"Not Disclosed, Ai Block, Near Global Hearing Aid Centre Pvt Ltd","The house is fully furnished with wardrobes, modular kitchen, tv, washing machine, microwave and water purifier,a/c, refrigerator,tube light, geyser, fans and electrical fittings.
There is also small office along with the 2 bhk for ren",Full,East,Both,2,No,Yes,No,No,No,No,No,No,No,No,No,No,No,No,No,No,No,No,No,No,75000/M,1380,750000,2 Bedroom,Apartment,Company, Immediately,Bike and Car,Newly Constructed,1
Anna Nagar,13.082,80.207,Not Disclosed Anna Nagar - 2 BHK in Anna Nagar for Rent,"Not Disclosed, Shanthi Colony, Near Sundaram Medical Foundation",Not available,Full,NA,Both,2,No,Yes,No,Yes,No,No,No,No,No,No,No,Yes,Yes,No,Yes,No,No,No,No,No,36000/M,1100,240000,2 Bedroom,Apartment,Doesn't Matter, Immediately,Bike,>10 years,1
Anna Nagar,13.095,80.202,Independent House Anna Nagar - 2 BHK in Anna Nagar for Rent,"Independent House, Kambar Colony, I Block Near State Bank Of India 18th Main Road Branch","The house is unfurnished. It has easy access to market, schools, hospitals, banks and ATM's as well.
working professional/family/ bachelors preferred 4 to 5 member",Unfurnished,South,Corporation,2,No,Yes,No,No,No,No,No,No,No,No,No,No,No,Yes,Yes,No,No,No,Yes,No,13000/M,850,60000,2 Bedroom,Apartment,Doesn't Matter,Immediately,Bike,>10 years,0
Anna Nagar,13.089,80.201,Crystal Creek Anna Nagar West - 3 BHK in Anna Nagar West for Rent,"Crystal Creek, 13th Main Road, H Block, Near Sri Devi Hospital",Not available,Semi,East,Both,3,Yes,Yes,Yes,No,No,No,No,No,No,No,No,No,Yes,No,No,No,No,No,No,Yes,35000/M,1500,350000,3 Bedroom,Apartment,Family, Immediately,Bike and Car,5-10 years,1
Anna Nagar,13.085,80.201,Standalone Building Anna Nagar West - 1 BHK in Anna Nagar West for Rent,"Standalone Building, Nehru Nagar 1st Street Near Grt Jewellers","The house is unfurnished. It has easy access to market, schools, hospitals, banks and ATM's as well.
Family and Working Professional Bachelors",Unfurnished,North,Both,1,No,Yes,No,No,No,No,No,No,No,No,No,No,No,No,No,No,No,No,No,No,10000/M,350,50000,1 Bedroom,Apartment,Doesn't Matter, Immediately,Bike,1-3 years,1
Anna Nagar,13.084,80.206,Independent House Anna Nagar - 2 BHK in Anna Nagar for Rent,"Independent House, Af Block, 4th Street, 11th Main Road, Near The Grand Sweets N Snacks","Semi-furnished with Cupboards, light",Semi,South,Both,1,No,No,No,No,No,No,No,No,No,No,No,No,No,No,No,No,No,No,No,No,14000/M,780,84000,2 Bedroom,Independent house,Family, Immediately,Bike,3-5 years,4
Anna Nagar,13.095,80.202,Scotts Place Anna Nagar - 2 BHK in Anna Nagar for Rent,"Scotts Place, 18th Main Rd, Colony, Near Reliance Fresh",Not available,Unfurnished,South,Both,2,No,Yes,No,Yes,No,No,No,No,Yes,No,No,No,No,No,No,No,No,Yes,No,No,19500/M,950,100000,2 Bedroom,Apartment,Family, Immediately,Bike and Car,5-10 years,0
Arumbakkam,13.074,80.212,Green valley Arumbakkam - 3 BHK in Arumbakkam for Rent,"Green Valley, 1st Street, Sbi Staff Colony, Near Dwaraka Doss Goverdhan Doss Vaishnav College",Not available,Semi,South,Both,2,No,Yes,No,No,No,No,No,No,Yes,No,No,No,No,No,No,No,No,No,Yes,Yes,24000/M,1400,200000,3 Bedroom,Apartment,Doesn't Matter, Immediately,Bike and Car,5-10 years,3
Arumbakkam,13.069,80.208,Independent House Arumbakkam - 1 BHK in Arumbakkam for Rent,"Independent House, Jai Nagar 21st Street Near Jai Nagar Park",Not available,Semi,NA,NA,1,No,Yes,No,No,No,No,No,No,No,No,No,No,No,No,No,No,No,No,No,No,10000/M,600,100000,1 Bedroom,Independent house,Family, Immediately,Bike,1-3 years,1
Arumbakkam,13.069,80.208,Indira Arcade Arumbakkam - 2 BHK in Arumbakkam for Rent,"Indira Arcade, 1st Main Road, Jai Nagar, Near Jai Nagar Park",Not available,Semi,South,Corporation,2,Yes,Yes,Yes,No,No,No,No,No,Yes,No,No,No,No,Yes,No,No,No,No,Yes,No,16500/M,900,80000,2 Bedroom,Apartment,Family, Immediately,Car,5-10 years,1
Arumbakkam,13.074,80.202,Independent House Koyambedu - 2 BHK in Koyambedu for Rent,"Independent House, Near Nathella Sulochanamma Kalyaana Mandapam",Not available,Semi,NA,Both,2,No,Yes,No,No,No,No,No,Yes,No,No,No,No,No,No,No,No,No,No,No,No,14000/M,1810,60000,2 Bedroom,Independent house,Family, Immediately,Bike and Car,>10 years,1
Arumbakkam,13.069,80.207,Nandini Apartment Arumbakkam - 3 BHK in Arumbakkam for Rent,"Nandini Apartment, Jai Nagar Park, 1st Main Road, Jai Nagar, Near Tamil Nadu State Election Commission","3bhk flat with 24 hrs facility n two wheeler parkiy
The house is semi furnished with wardrobes. It has easy access to market, schools, hospitals, banks and ATM's as well",Semi,East,Corporation,3,Yes,Yes,No,No,No,No,No,No,No,No,No,No,No,No,No,No,No,No,No,No,17000/M,1200,80000,3 Bedroom,Apartment,Doesn't Matter, Immediately,Bike and Car,3-5 years,2
Arumbakkam,13.071,80.208,kasturi illam Arumbakkam - 1 RK in Arumbakkam for Rent,"Kasturi Illam, Jai Nagar Near Green Trends","The house is semi furnished with Wardrobes and Basic electric fittings.It has easy access to market, schools, hospitals, banks and ATM's as well",Semi,North,Corporation,1,No,Yes,No,No,No,No,No,No,No,No,No,No,No,No,No,No,No,No,No,No,5000/M,225,20000,1 Bedroom,Apartment,Bachelor's, Immediately,Bike and Car,>10 years,0
Arumbakkam,13.071,80.208,1 Bhk In Arumbakkam,"Standalone Building, Jai Nagar Near Green Trends",* lease period one year*The house is fully furnishe,Full,NA,Both,1,No,Yes,No,No,No,No,No,No,No,No,No,No,No,No,No,No,No,No,No,No,Deposit Only,800,600000,1 Bedroom,Apartment,Doesn't Matter,Immediately,Bike and Car,>10 years,0
Arumbakkam,13.07,80.208,Independent House Arumbakkam - 1 RK in Arumbakkam for Rent,"Independent House, Pragadeeswarar Nagar, Near Aadhi Parasakthi Temple","the rent house contains 1 room and i kitchen with attached toilet. the property located opposite to koyambedu bus stand.
and there are more two houses for rent and one rented cost Rs. 4500 and another one contains rrs. 500",Unfurnished,NA,Both,1,No,Yes,No,No,No,No,No,No,Yes,No,No,No,No,No,No,No,No,No,No,No,6000/M,500,30000,1 Bedroom,independent house,Doesn't Matter, Immediately,Bike,>10 years,1
Arumbakkam,13.069,80.208,Independent House Arumbakkam - 1 BHK in Arumbakkam for Rent,"Independent House, Indira Gandhi Street, Kannappa Nagar Near Jai Nagar Park,",Not available,Unfurnished,North,Both,1,No,Yes,No,No,No,No,No,No,No,No,No,No,No,No,No,No,No,No,No,No,8500/M,350,85000,1 Bedroom,independent house,Family, Immediately,Bike,5-10 years,0
Arumbakkam,13.07,80.209,"Independent House Arumbakkam, Chennai, Tamil Nadu, India - 2 BHK in Arumbakkam, Chennai, Tamil Nadu, India for Rent","Independent House, Jay Nager 3rd Street","1340 Sq.Feet , 2 bedroom + Puja + covered car parting. Good ventilation and having one kitchen service and road side balcony",Semi,East,Both,2,No,Yes,No,No,No,No,No,No,No,No,No,No,No,No,No,No,No,No,No,No,25000/M,1340,100000,2 Bedroom,independent house,Family, Immediately,Bike and Car,3-5 years,2
Porur,13.032,80.164,S&S Solitaire Porur - 3 BHK in Porur for Rent,"S&s Solitaire, Sakthi Nagar Opp To Saravana Stores",Not available,Semi,South,Borewell,2,Yes,Yes,Yes,Yes,Yes,No,No,Yes,Yes,No,Yes,Yes,No,Yes,No,Yes,Yes,No,Yes,Yes,30000/M,1355,100000,3 Bedroom,Apartment,Doesn't Matter, Immediately,Bike and Car,1-3 years,1
Porur,13.032,80.165,Appaswamy Platina Porur - 3 BHK in Porur for Rent,"Appaswamy Platina, Mt Poonamalle High Road, Porur, Chennai. Tamil Nadu, India.",Not available,Semi,North,Both,3,Yes,Yes,Yes,No,Yes,No,Yes,Yes,Yes,Yes,Yes,Yes,Yes,Yes,No,Yes,Yes,No,Yes,Yes,30000/M,1708,300000,3 Bedroom,Apartment,Family, Immediately,Car,Newly Constructed,1
Porur,13.036,80.164,Independent House Porur - 3 BHK in Porur for Rent,"Independent House, Lakshmi Nagar Arch, 40 Feet Road, Lakshmi Nagar Extention, Lakshmi Nagar, Porur, Chennai","The house is semi furnished with wardrobes. Cupboards , Kitchen covered with normal shelves , Covered bike parking , open car parking . lights - fans , It has easy access to market, schools, hospitals, banks and ATM's as well",Semi,West,Both,3,No,Yes,No,No,No,No,No,No,No,No,No,No,No,No,Yes,No,No,No,Yes,No,15000/M,1500,90000,3 Bedroom,Independent house,Doesn't Matter, Immediately,Bike,5-10 years,0
Porur,13.032,80.164,S&S Solitaire Porur - 3 BHK in Porur for Rent,"S&s Solitaire, Mount Pondhamalli Road, Porur Chennai:",Not available,Semi,East,Both,3,Yes,Yes,Yes,No,Yes,No,Yes,No,No,Yes,Yes,Yes,Yes,Yes,Yes,Yes,No,Yes,Yes,Yes,27500/M,1350,150000,3 Bedroom,Apartment,Family, Immediately,Bike and Car,3-5 years,1
Porur,13.039,80.166,standalone building Porur - 2 BHK in Porur for Rent,"Standalone Building, Ganesh Nagar,near Naidu Hall","The house is semi furnished with wardrobes,modular kitchen, tube lights, fans and electrical fittings",Semi,South,Both,1,No,Yes,No,No,No,No,No,No,No,No,No,No,No,No,No,No,No,No,No,No,8500/M,650,50000,2 Bedroom,Independent house,Doesn't Matter, Immediately,Bike,1-3 years,0
Porur,13.037,80.144,Independent House Porur - 3 BHK in Porur for Rent,"Independent House, Rajas Garden 1st Street. Near Ramachandra Hospital","The house is semifurnished with wardrobes and modular kitchen.. It has easy access to market, schools, hospitals, banks and ATM's as well",Semi,East,Borewell,3,No,Yes,No,Yes,No,No,No,Yes,No,No,No,No,No,No,No,No,No,No,Yes,No,25000/M,2000,150000,3 Bedroom,Independent house,Doesn't Matter, Immediately,Bike and Car,5-10 years,1
Porur,13.035,80.161,Kasthuri illam Porur - 2 BHK in Porur for Rent,"Kasthuri Illam, Lakshmi Nagar, 3rd Main Near St Johns School Porur","2BHK ground floor. Near st.john?s school porur. Rent 10000, advance 50000
The house is unfurnished. It has easy access to market, schools, hospitals, banks and ATM's as well",Unfurnished,NA,Borewell,2,No,Yes,No,No,No,No,No,No,No,No,No,No,Yes,No,Yes,No,No,Yes,No,No,10000/M,800,50000,2 Bedroom,Apartment,Doesn't Matter, Immediately,Bike,>10 years,0
Porur,13.041,80.157,Standalone building Porur - 2 BHK in Porur for Rent,"Standalone Building, Dharmaraja Nagar Near Velammal Vidyalaya Karambakkam","The house is semi furnished with wardrobes in all the rooms. It has easy access to market, schools, hospitals, banks and ATM's as well.one more unit is available in same buildin",Semi,NA,Both,2,No,Yes,No,No,No,No,No,No,No,Yes,No,No,No,No,No,No,No,No,No,No,8500/M,750,50000,2 Bedroom,Independent house,Doesn't Matter,Immediately,Bike,5-10 years,0
Porur,13.044,80.149,Independent House Porur - 3 BHK in Porur for Rent,"Independent House, 14th Street Near Vanagaram Toll Booth","The house is semi furnished with wardrobes, Fans, Lights",Semi,South,Both,3,No,Yes,No,No,No,No,No,No,No,No,No,No,No,No,No,No,No,No,No,No,20000/M,1700,120000,3 Bedroom,independent house,Family, Immediately,Bike and Car,5-10 years,0
Porur,13.045,80.155,Independent House Porur - 2 BHK in Porur for Rent,"Independent House, 4th Main Road, Porur Garden Phase 2 , Near Porur Toll Booth And City Union Bank Vanagaram","The house is un furnished. It has easy access to market, schools, hospitals, banks and ATM's as well",Unfurnished,East,Corporation,2,No,Yes,No,No,No,No,No,No,No,No,No,No,No,No,Yes,No,No,No,No,No,8500/M,770,85000,2 Bedroom,independent house,Family, Immediately,Bike and Car,1-3 years,0
GST,12.839,80.058,Aparjitha apartments Guduvanchery - 2 BHK in Guduvanchery for Rent,"Aparjitha Apartments, Dharmaraja Street, Srinivasapuram Near Government Ration Store","Apartment located 300 meters away from GST Road.Close to Bus stop and 1.2kms away from Guduvanchery railway station.
The house is semi furnishe",Semi,East,Borewell,2,No,Yes,No,No,No,No,No,No,No,No,No,No,No,No,No,No,No,No,No,No,7000/M,575,35000,2 Bedroom,Apartment,Family, Immediately,Bike,3-5 years,1
GST,12.852,80.079,undisclosed Vandalur - 2 BHK in Vandalur for Rent,"Undisclosed, Urapakkam,karanai Puducherry,near Perfetti Van Melle","The house is semi furnished with wardrobes,modular kitchen,?geyser,tube lights, fans and electrical fittings",Semi,NA,NA,2,Yes,Yes,Yes,Yes,Yes,Yes,Yes,Yes,Yes,Yes,Yes,Yes,Yes,Yes,Yes,No,Yes,Yes,Yes,Yes,12000/M,1050,65000,2 Bedroom,Apartment,Family, Immediately,Bike and Car,Newly Constructed,0
GST,12.863,80.07,Marutham Classic Urapakkam - 2 BHK in Urapakkam for Rent,"Marutham Classic, Priya Jagadish Nagar, 3rd Street, Urapakkam, Chennai, Tamil Nadu, India.","The house is semi furnished with Wardrobes and Basic electric fittings.It has easy access to market, schools, hospitals, banks and ATM's as well.Maintenance charges are separate",Semi,East,Borewell,2,Yes,Yes,Yes,No,No,No,No,Yes,No,Yes,Yes,Yes,Yes,Yes,No,Yes,Yes,No,Yes,Yes,9500/M,924,40000,2 Bedroom,Apartment,Family,Immediately,Bike,1-3 years,0
GST,12.848,80.068,standalone Building Guduvancherry - 2 BHK in Guduvancherry for Rent,"Standalone Building, Nandhivaram Main Rd, Near Bharathiyar Park","The house is unfurnished. It has easy access to market, schools, hospitals, banks and ATM's as well.
1 more unit with same rent",Unfurnished,NA,Both,2,No,Yes,No,No,No,No,No,No,No,No,No,No,No,No,No,No,No,No,No,No,6000/M,680,20000,2 Bedroom,Apartment,Family, Immediately,Bike and Car,Newly Constructed,0
GST,12.851,80.068,Independent House Guduvanchery - 1 BHK in Guduvanchery for Rent,"Independent House, Sri Ganesh Nagar .siva Avenue Near Npr Thirumana Mandapam","The house is semi furnished with wardrobes in all the rooms. It has easy access to market, schools, hospitals, banks and ATM's as well",Unfurnished,East,Borewell,1,No,Yes,No,Yes,No,No,Yes,Yes,Yes,No,No,Yes,No,No,Yes,No,No,Yes,Yes,No,5000/M,1500,25000,1 Bedroom,Independent house,Family, Immediately,Bike and Car,>10 years,0
GST,12.862,80.073,standalone building Urapakkam - 2 BHK in Urapakkam for Rent,"Standalone Building, Nh Service Road,near Dharani Medical","Newly constructed flat
The house is unfurnished",Unfurnished,NA,Borewell,2,No,Yes,No,No,No,No,No,No,No,No,No,No,No,No,No,No,No,No,No,No,6500/M,720,50000,2 Bedroom,Apartment,Doesn't Matter, Immediately,Bike,3-5 years,0
GST,12.852,80.047,Daffodils Apartment Madambakkam - 2 BHK in Madambakkam for Rent,"Daffodils Apartment, 2nd Cross Street Near Government School,madambakkam","The house is semi furnished with wardrobes in all the rooms. It has easy access to market, schools, hospitals, banks and ATM's as well",Semi,East,NA,2,No,Yes,No,No,No,No,No,No,No,No,No,No,No,No,No,No,No,No,No,No,7000/M,900,42000,2 Bedroom,Apartment,Family, Immediately,Bike,5-10 years,2
GST,12.834,80.056,"Independent House Guduvanchery, Tamil Nadu, India - 2 BHK in Guduvanchery, Tamil Nadu, India for Rent","Independent House, No 87 Malligaist Rajeshwari Nagar Vallanchery Guduvanchery Cpttk Kpmdt 603202",Not available,Semi,South,Both,2,No,Yes,No,No,No,No,No,No,Yes,No,No,No,Yes,No,No,No,No,No,No,No,9000/M,1000,50000,2 Bedroom,Independent house,Doesn't Matter, Immediately,Bike and Car,Under Construction,1
GST,12.855,80.06,Not Disclosed Guduvanchery - 3 BHK in Guduvanchery for Rent,"Not Disclosed, Perumal Kovil Street Near Perumal Kovil","The house is unfurnished. It has easy access to market, schools, hospitals, banks and ATM's as well.
Maintenance will be Discussed by Property Owner",Unfurnished,NA,Borewell,3,No,Yes,No,No,No,No,No,No,No,No,No,No,No,No,No,No,No,No,Yes,No,10000/M,1150,50000,3 Bedroom,Apartment,Doesn't Matter, Immediately,Bike and Car,Newly Constructed,2
GST,12.844,80.061,Srinivas SKS Guduvanchery - 1 BHK in Guduvanchery for Rent,"Srinivas Sks, Kuberan Nagar,near Parasakthi Marriage Hal","10 metres away from GST Road and 25 metres away from Bus Terminus
Good ventilation. Everything available nearb",Semi,North,Borewell,1,No,Yes,No,No,No,No,No,No,No,No,No,No,No,No,No,No,No,No,No,No,5500/M,600,25000,1 Bedroom,Apartment,Bachelor's, Immediately,Bike,5-10 years,1
Velachery,12.968,80.22,Dhanush Home Velachery - 2 BHK in Velachery for Rent,"Dhanush Home, Bhuvaneshwari Nagar, Near Velachery Mrts And Chennai Higher Secondary School","The house is semi furnished with wardrobes. It has easy access to market, schools, hospitals, banks and ATM's as well",Semi,East,Corporation,2,No,Yes,No,No,No,No,No,No,No,No,No,No,No,No,No,No,No,No,No,No,15000/M,1100,60000,2 Bedroom,Apartment,Family,Immediately,Bike and Car,5-10 years,0
Velachery,12.974,80.218,"Standalone Building Vijaya Nagar, Velachery - 2 BHK in Vijaya Nagar, Velachery for Rent","Standalone Building, 3rd Main Road, Vijaya Nagar, Near Tamilnadu Super Market And Megamart",Not available,Semi,South,Both,2,No,No,No,No,No,No,No,No,No,No,No,No,No,Yes,No,No,No,No,Yes,No,25000/M,1200,200000,2 Bedroom,Apartment,Family, Immediately,Car,Newly Constructed,1
Velachery,12.978,80.229,May Flower Velachery - 3 BHK in Velachery for Rent,"May Flower, Baby Nagar Pm Salai 1st Main Rd Near Anugraha A/c Marriage Hall","The house is semi furnished with wardrobes,modular kitchen,geyser,tube lights, fans and electrical fittings",Semi,NA,NA,2,Yes,Yes,No,No,No,No,No,No,No,No,No,No,No,No,No,No,No,No,No,No,19000/M,1050,100000,3 Bedroom,Apartment,Family, Immediately,Bike and Car,3-5 years,0
Velachery,12.977,80.222,Standalone Building Velachery - 2 BHK in Velachery for Rent,"Standalone Building, 1st St, Lic Colony, Near Icici Bank And Dr.s.anandhi","The house is unfurnished. It has easy access to market, schools, hospitals, banks and ATM's as wel",Unfurnished,North,Borewell,2,No,Yes,No,No,No,No,No,No,No,No,No,No,Yes,No,No,No,No,Yes,No,No,15000/M,850,90000,2 Bedroom,Independent house,Doesn't Matter,Immediately,Car,>10 years,0
Velachery,12.983,80.231,Standalone Building Velachery - 2 BHK in Velachery for Rent,"Standalone Building, Velachery - Taramani 100 Feet Road, Near Tata Consultancy Services -velachery",Not available,Semi,NA,Both,2,No,Yes,No,No,No,No,No,No,No,No,No,No,No,No,No,No,No,No,No,No,14000/M,800,40000,2 Bedroom,Independent house,Family, Immediately,Bike,Newly Constructed,0
Velachery,12.977,80.214,Standalone Building Velachery - 1 BHK in Velachery for Rent,"Standalone Building, Sri Palaniappa Street, Vijay Nagar 1st Main Road, Near Lakshmi Vidyalaya School",Unfurnishe,Unfurnished,NA,Corporation,1,No,Yes,No,No,No,No,No,No,No,No,No,No,No,No,No,No,No,No,No,No,9500/M,500,50000,1 Bedroom,Apartment,Family, Immediately,Bike,Newly Constructed,0
Velachery,12.986,80.21,Raj Flats Velachery - 2 BHK in Velachery for Rent,"Raj Flats, 2nd Cross, 3rd Main Rd, Eb Colony, Near Naga Muthumaari Amman Temple","The house is semi furnished with wardrobes, fans. It has easy access to market, schools, hospitals, banks and ATM's as well",Semi,East,Corporation,2,No,Yes,No,No,No,No,No,No,No,No,No,No,No,No,Yes,No,No,No,No,No,15000/M,1000,70000,2 Bedroom,Apartment,Doesn't Matter,Immediately,Bike and Car,5-10 years,1
Velachery,12.983,80.222,Standalone Building Velachery - 2 BHK in Velachery for Rent,"Standalone Building, Nattaar Street , Near Velachery Skin And Hair Clinic",Not available,Semi,NA,Borewell,2,No,Yes,No,No,No,No,No,No,No,No,No,No,No,No,Yes,No,No,No,No,No,16000/M,850,100000,2 Bedroom,Independent house,Family, Immediately,Bike,Newly Constructed,0
Velachery,12.984,80.217,SAI NIKETAN CHOUDRY BUILDERS Velachery - 2 BHK in Velachery for Rent,"Sai Niketan Choudry Builders, Ammman Koil Street, Near Sri Murugan Marriage Hall A/c","The house is semi furnished with wardrobes in all the rooms. It has easy access to market, schools,
hospitals, banks and ATM as well.
FIVE MINUTES FROM 100 FEET ROA",Semi,South,Both,2,No,Yes,No,No,No,No,No,No,No,No,No,No,No,No,Yes,No,No,No,Yes,No,12000/M,703,60000,2 Bedroom,Apartment,Doesn't Matter, Immediately,Bike,>10 years,0
Velachery,12.972,80.219,Standalone Building Velachery - 2 BHK in Velachery for Rent,"Standalone Building, Vijaya Nagar, Near Sri Venkateshwara Super Market,",Not available,Semi,NA,NA,2,No,Yes,No,No,No,No,No,No,No,No,No,No,No,No,No,No,No,No,No,No,16000/M,1100,96000,2 Bedroom,Independent house,Doesn't Matter, Immediately,Bike and Car,1-3 years,0
Mambakkam,12.842,80.174,DABC Begonia Polachery - 2 BHK in Polachery for Rent,"Dabc Begonia, Ponmar, Near Maharishi Vidha Mandir",Not available,Semi,East,Borewell,2,Yes,Yes,Yes,Yes,No,Yes,No,Yes,Yes,Yes,No,Yes,Yes,Yes,Yes,Yes,No,No,Yes,Yes,10000/M,955,60000,2 Bedroom,Apartment,Doesn't Matter,Immediately,Bike and Car,3-5 years,1
Mambakkam,12.836,80.17,SBIOA unity enclave Mambakkam - 3 BHK in Mambakkam for Rent,"Sbioa Unity Enclave, Ananthavalli Nagar,near Arulmigu Muruganatheswarar Temple","The house is semi furnished with wardrobes, Geysers, Fans, Lights",Semi,NA,Corporation,3,Yes,Yes,Yes,No,Yes,No,No,Yes,Yes,Yes,Yes,Yes,No,No,No,No,Yes,Yes,Yes,Yes,20000/M,1550,100000,3 Bedroom,Apartment,Doesn't Matter, Immediately,Bike and Car,Newly Constructed,2
Mambakkam,12.847,80.178,Dabc Habitat Ponmar - 2 BHK in Ponmar for Rent,"Dabc Habitat, Near Mvm School, Ponmar, Chennai, Tamil Nadu, India.","Two storage building with independent parking, motor, sump, bore well, (Row house",Semi,South,Borewell,3,Yes,Yes,No,No,No,No,No,No,No,Yes,No,Yes,Yes,No,No,Yes,No,No,Yes,No,10000/M,1750,50000,2 Bedroom,Independent house,Family, Immediately,Bike and Car,1-3 years,2
Mambakkam,12.836,80.17,SBIOA Unity Enclave Mambakkam - 1 BHK in Mambakkam for Rent,"Sbioa Unity Enclave, Ananthavalli Nagar, Near Sudesi Milk","The house is semi furnished with wardrobes. It has easy access to market, schools, hospitals, banks and ATM's as well",Semi,West,Both,1,Yes,Yes,Yes,No,Yes,No,No,No,Yes,No,Yes,Yes,Yes,No,No,No,Yes,No,No,Yes,8000/M,740,80000,1 Bedroom,Apartment,Doesn't Matter, Immediately,Bike and Car,Newly Constructed,2
Mambakkam,12.836,80.158,Tata New Haven Ribbon Walk Mambakkam - 2 BHK in Mambakkam for Rent,"Tata New Haven Ribbon Walk, Vandalur Kelambakkam Road, Next To Vellore Institute Of Technology, Mambakkam, Chennai, Tamil Nadu 600048, India","The house is unfurnished. It has easy access to market, schools, hospitals, banks and ATM's as well.
family and working professionals are preferre",Unfurnished,East,Corporation,2,Yes,Yes,Yes,No,Yes,No,No,No,Yes,Yes,Yes,Yes,Yes,No,No,Yes,Yes,No,Yes,Yes,15000/M,999,45000,2 Bedroom,Apartment,Doesn't Matter, Immediately,Bike and Car,Newly Constructed,1
Mambakkam,12.835,80.156,TVH Mambakkam - 2 BHK in Mambakkam for Rent,"Tvh, Kelambakkam-vandalur Rd Near Shri Sai Saravanas Hotel And Vijaya Hotel","The house is Unfurnished with tube light, geyser, fans and electrical fittings",Unfurnished,NA,NA,1,Yes,Yes,Yes,No,Yes,Yes,No,No,Yes,Yes,Yes,Yes,Yes,No,No,No,Yes,Yes,No,Yes,12000/M,625,75000,2 Bedroom,Apartment,Doesn't Matter, Immediately,Bike and Car,Newly Constructed,1
Mambakkam,12.841,80.154,Independent House Madurapakkam - 3 BHK in Madurapakkam for Rent,"Independent House, Vandalur-kelambakkam Rd, Near Vit University And Brindavan Restaurant","The house is semi furnished with wardrobes in all the rooms. It has easy access to market, schools, hospitals, banks and ATM's as well.
Tanker Water Availabl",Semi,NA,NA,2,No,Yes,No,No,No,No,No,No,No,No,No,No,Yes,No,Yes,No,No,No,No,No,8000/M,850,40000,3 Bedroom,Independent house,Doesn't Matter, Immediately,Bike and Car,Newly Constructed,1
Mambakkam,12.844,80.153,Tamilnadu police housing board Kovilancheri - 3 BHK in Kovilancheri for Rent,"Tamilnadu Police Housing Board, Melakottaiyur Vandalur - Kelambakkam Road, Near Vit Academic Block 1","The house is unfurnished. It has easy access to market, schools, hospitals, banks and ATM's as well",Unfurnished,West,Both,3,Yes,Yes,No,No,No,No,No,No,No,No,No,No,No,No,No,No,No,No,No,No,9000/M,650,45000,3 Bedroom,Independent house,Family, Immediately,Bike and Car,Newly Constructed,1
Mambakkam,12.847,80.171,DABC Acacia Ponmar - 3 BHK in Ponmar for Rent,"Dabc Acacia, Mambakkam, Near Moolacheri, Chennai",Not available,Semi,North,Borewell,3,Yes,No,Yes,No,No,No,No,No,No,No,No,Yes,Yes,No,Yes,No,No,Yes,No,Yes,13000/M,1350,130000,3 Bedroom,Apartment,Family, Immediately,Car,5-10 years,2
Mambakkam,12.851,80.171,"Independent House Ponmar, Moolacheri, Tamil Nadu, India - 4 BHK in Ponmar, Moolacheri, Tamil Nadu, India for Rent","Independent House, Near Rajkam Apartment","4BHk in Independent villa,with wardrobes,near prince college for engineerin",Semi,East,Borewell,3,No,Yes,No,No,No,No,No,No,No,No,No,No,No,No,No,No,No,No,No,No,13000/M,1850,65000,4 Bedroom,Independent house,Family, Immediately,Bike and Car,Newly Constructed,3
Tambaram,12.937,80.111,Independent House West Tambaram - 4 BHK in West Tambaram for Rent,"Independent House, Bharathi Nagar, Near Ima Headquarters Building","This independent house is well-ventilated and semi furnished ideal for families and working professionals. Located near to IMA Headquarters Building it has easy access to market, schools, hospitals, banks and ATM's as well",Unfurnished,West,Borewell,4,Yes,Yes,No,No,No,No,No,Yes,No,No,No,No,Yes,No,No,No,No,Yes,No,No,9000/M,1100,50000,4 Bedroom,Independent house,Family, Immediately,Bike and Car,1-3 years,2
Tambaram,12.937,80.099,Independent House Tambaram - 2 BHK in Tambaram for Rent,"Independent House, Kishkintha Main Rd, Vasantam Nagar Behind Lena Flats Or Lords International School","2BHK House with open cupboards , Kitchen covered with shelves , Covered car & bike parking . Family or working professionals ",Unfurnished,East,Borewell,2,No,Yes,No,No,No,No,No,No,Yes,No,No,No,No,No,No,No,No,Yes,Yes,Yes,10000/M,1500,60000,2 Bedroom,Independent house,Doesn't Matter, Immediately,Bike and Car,3-5 years,0
Tambaram,12.922,80.128,Victoria Garden Apartments East Tambaram - 2 BHK in East Tambaram for Rent,"Victoria Garden Apartments, Air Force Station Rd, Near Mcc Campus Matriculation Higher Secondary School",Not available,Full,North,Both,2,Yes,Yes,Yes,Yes,Yes,No,No,Yes,Yes,Yes,No,Yes,Yes,Yes,No,Yes,Yes,No,No,Yes,20000/M,1000,100000,2 Bedroom,Apartment,Doesn't Matter, Immediately,Bike and Car,>10 years,1
Tambaram,12.938,80.122,Independent House Tambaram - 2 BHK in Tambaram for Rent,"Independent House, Amar Nagar, Near Kadaperi Substation And E.b Office","The house is semi furnished with wardrobes. It has easy access to market, schools, hospitals, banks and ATM's as well",Semi,North,Both,2,No,Yes,No,No,No,No,No,No,No,No,No,No,Yes,No,No,No,No,No,No,No,13500/M,1200,80000,2 Bedroom,Independent house,Family, Immediately,Bike,5-10 years,0
Tambaram,12.938,80.132,priya ram homes East Tambaram - 2 BHK in East Tambaram for Rent,"Priya Ram Homes, Sai Ram Colony,near Pilayar Kovil And Tambaram Sanatorium Railway Station","The house is unfurnished. It has easy access to market, schools, hospitals, banks and ATM's as well",Unfurnished,South,Corporation,2,No,Yes,No,No,No,No,No,No,No,No,No,No,No,No,No,No,No,No,No,No,11000/M,792,50000,2 Bedroom,Apartment,Doesn't Matter, Immediately,Bike,5-10 years,0
Tambaram,12.927,80.129,Ashoka Paradise East Tambaram - 2 BHK in East Tambaram for Rent,"Ashoka Paradise, Agasthiar Street, Near Gandhi Park",Not available,Semi,East,Both,2,No,Yes,No,Yes,No,No,No,No,No,No,No,No,No,No,No,No,No,No,No,Yes,13500/M,715,67500,2 Bedroom,Apartment,Family, Immediately,Bike,>10 years,0
Tambaram,12.929,80.13,Independent House East Tambaram - 2 BHK in East Tambaram for Rent,"Independent House, Gandhi Nagar, Anndurai St, Near Shanthi Thirumana Mandabam","The house is unfurnished. It has easy access to market, schools, hospitals, banks and ATM's as well",Unfurnished,North,Borewell,2,No,Yes,No,No,No,No,No,No,No,No,No,No,No,No,No,No,No,No,No,No,9000/M,800,50000,2 Bedroom,Independent house,Bachelor's, Immediately,Bike,5-10 years,0
Tambaram,12.93,80.098,Royal Splendour Akarshana West Tambaram - 2 BHK in West Tambaram for Rent,"Royal Splendour Akarshana, Sri Sai Nagar Extension, Cto Colony, West Tambaram, Chennai","The house is semi furnished with wardrobes,modular kitchen,geyser,tube lights, fans and electrical fittings",Semi,NA,NA,2,Yes,Yes,Yes,No,No,No,No,No,No,Yes,Yes,Yes,Yes,No,No,No,No,No,No,Yes,11000/M,850,60000,2 Bedroom,Apartment,Doesn't Matter,Immediately,Bike and Car,1-3 years,1
Tambaram,12.95,80.129,Independent House Tambaram - 2 BHK in Tambaram for Rent,"Independent House, Durga Nagar Main Rd Near Durgai Amman Temple","The house is semi furnished with wardrobes, It has easy access to market, schools, hospitals, banks and ATM's as well",Semi,South-East,Borewell,2,No,Yes,No,No,No,No,No,No,No,No,No,No,No,No,No,No,No,No,No,No,16000/M,1200,150000,2 Bedroom,Independent house,Family, Immediately,Bike and Car,3-5 years,0
Tambaram,12.923,80.088,Royal Villa Tambaram - 2 BHK in Tambaram for Rent,"Royal Villa, Goodwill Nagar 4th Main Road, Ragavendra Avenue,near Annai Arul Hospital",Newly constructed flat and property at ground floor 24hrs bore water with RO Facility and home is fully covered mosquito net. This apartment is covered 24hrs survilence camera .it is near by 3km from tambaram railway station,Semi,East,Borewell,2,No,Yes,No,No,No,No,No,No,Yes,No,No,No,No,No,No,No,No,No,No,No,10000/M,820,100000,2 Bedroom,Independent house,Family, Immediately,Bike and Car,1-3 years,0
Kelambakkam,13.109,80.208,Shyam Thirth Apartment Villivakkam - 3 BHK in Villivakkam for Rent,"Shyam Thirth Apartment, Railway Station Road, Villivakkam, Chennai, Tamil Nadu, India",Not available,Semi,North,Borewell,2,Yes,Yes,Yes,No,No,No,No,No,No,No,No,Yes,No,Yes,No,Yes,No,No,Yes,No,14500/M,1165,145000,3 Bedroom,Apartment,Family, Immediately,Bike and Car,5-10 years,0
Kelambakkam,12.875,80.108,Tvs Emerald Green Acres Kolapakkam - 3 BHK in Kolapakkam for Rent,"Tvs Emerald Green Acres, Suddhananda Bharathi Road, Kolapakkam, Chennai, Tamil Nadu, India.","The house is semi furnished with wardrobes. It has easy access to market, schools, hospitals, banks and ATM's as well.
it also has a modular kitchen. (RS.2000/- MAINTENANCE TO BE PAID TO OWNER",Semi,NA,Both,3,No,No,No,No,Yes,No,No,Yes,No,Yes,Yes,Yes,Yes,No,No,No,No,No,Yes,Yes,12500/M,1143,90000,3 Bedroom,Apartment,Family, Immediately,Bike and Car,1-3 years,1
Kelambakkam,13.029,80.224,Green town West Saidapet - 3 BHK in West Saidapet for Rent,"Green Town, Near Aranganathan Subway Bus Stop And Dream Flowers Unisex Salon, Reddy Kuppam Road, Panneerselvam Nagar","The house is semi furnished with wardrobes , Cupboards and modular kitchen , Kitchen cabinets , Chimney , geyser, Lights - fans in all the rooms , Gas pipe line . Rain water harvesting , Covered car & bike Parking . It has easy access to market, schools, hospitals, banks and ATM's as well",Semi,East,Both,2,Yes,Yes,Yes,No,No,No,Yes,No,Yes,No,No,No,No,No,Yes,No,No,No,Yes,Yes,27000/M,1200,200000,3 Bedroom,Apartment,Doesn't Matter, Immediately,Bike and Car,5-10 years,1
Kelambakkam,13.066,80.232,Independent House Choolaimedu - 3 BHK in Choolaimedu for Rent,"Independent House, Sowrashtra Nagar, Near Nungambakkam Railway Station","Ideal for vegetarians the house is semi furnished with wardrobes in all the rooms and located near to Nungambakkam Railway station. It has easy access to market, schools, hospitals, banks and ATM's as well",Semi,West,Both,3,No,No,No,No,No,No,No,No,No,No,No,No,Yes,No,No,No,No,Yes,No,No,32000/M,1500,210000,3 Bedroom,Independent house,Doesn't Matter, Immediately,Bike and Car,5-10 years,2
Kelambakkam,12.956,80.19,Bhaggyam Lakeshore Apartment Keelkattalai - 3 BHK in Keelkattalai for Rent,"Bhaggyam Lakeshore Apartment, Veeramani Nagar, Near Jasmin Infotech Pvt Ltd, Dg Square Building",,Semi,West,Corporation,3,Yes,Yes,Yes,Yes,Yes,No,No,No,Yes,Yes,Yes,No,Yes,No,Yes,No,Yes,No,No,Yes,25000/M,1652,250000,3 Bedroom,Apartment,Family, Immediately,Bike and Car,5-10 years,1
Kelambakkam,13.088,80.201,Sree Guru Enclave Anna Nagar West - 3 BHK in Anna Nagar West for Rent,"Sree Guru Enclave, Café Coffee Day, 5th Main Rd, Anna Nagar West, S Block, Anna Nagar, Chennai","The house is semi furnished with wardrobes,modular kitchen,Kitchen cabinets , Chimney , pooja room, two cars garage, geyser,tube lights, fans and electrical fittings. Covered car & bike parking ",Semi,South,Both,3,Yes,Yes,Yes,No,No,No,No,No,No,No,No,No,No,No,No,Yes,No,No,No,No,28000/M,1550,280000,3 Bedroom,Apartment,Family, Immediately,Bike and Car,5-10 years,3
Kelambakkam,12.958,80.239,Doshi Etopia I Perungudi - 3 BHK in Perungudi for Rent,"Doshi Etopia I, Doshi Etopia I, Panchayat Office Rd, Vijayendra Nagar",Not available,Semi,West,Both,3,Yes,Yes,Yes,Yes,Yes,No,No,No,Yes,Yes,No,Yes,Yes,Yes,Yes,Yes,Yes,Yes,No,Yes,40000/M,3300,250000,3 Bedroom,Apartment,Doesn't Matter, Immediately,Bike and Car,1-3 years,3
Kelambakkam,13.032,80.129,Alliance Bougainvillea Phase I Iyyapathangal - 3 BHK in Iyyapathangal for Rent,"Alliance Bougainvillea Phase I, Sairam Nagar, Srinivasapuram, Iyyapathangal, Gajalakshmi Nagar, Papanthangal","The house is semi furnished with wardrobes in all the rooms, Modular kitchen, 3 AC's in all the bedrooms, 3 Geyser in the bathrooms, Supermarket is available.
It has easy access to market, schools, hospitals, banks and ATM's as well.
Maintenance charges 5500 extra",Semi,North,Both,4,Yes,Yes,No,Yes,Yes,No,No,Yes,Yes,Yes,Yes,Yes,Yes,Yes,No,Yes,Yes,Yes,Yes,Yes,27000/M,2380,250000,3 Bedroom,Independent house,Family, Immediately,Bike and Car,3-5 years,2
Kelambakkam,12.981,80.227,Independent House Velachery - 3 BHK in Velachery for Rent,"Independent House, Seethapathy Nagar Children's Park, Vgp Seetapathi Street, Vgp Seethapathy Nagar, Velachery, Chennai",Not available,Semi,West,Both,3,No,Yes,No,No,No,No,No,No,No,No,No,No,No,No,No,No,No,No,No,No,27000/M,1450,160000,3 Bedroom,Independent house,Family, Immediately,Bike and Car,Newly Constructed,0
Kelambakkam,13.023,80.167,Independent House Mugalivakkam - 2 BHK in Mugalivakkam for Rent,"Independent House, Mugalivakkam Main Rd,near Kedar Hospital","Ideal for vegetarian families or working professionals, the house is fully furnished with wardrobes, Modular Kitchen with chimney, geyser and space for pooja.
It has easy access to market, schools, hospitals, banks and ATM's as well",Full,North,Both,3,No,No,No,No,No,No,No,No,Yes,No,No,No,Yes,No,Yes,No,No,Yes,No,No,17000/M,1500,60000,2 Bedroom,Independent house,Family, Immediately,Bike and Car,>10 years,0
Kandigai,12.849,80.144,Park Avenue Kandigai - 2 BHK in Kandigai for Rent,"Park Avenue, Kandigai, Chennai, Tamil Nadu, India.","The house is unfurnished with Tube light, Fans and Electrical fittings. It has easy access to market, schools, hospitals, banks and ATM's as well.
Even working professional is also fine",Unfurnished,NA,NA,2,Yes,Yes,Yes,No,No,No,No,No,No,Yes,No,No,No,No,No,No,No,No,No,No,9500/M,800,50000,2 Bedroom,Apartment,Family,Immediately,Bike and Car,3-5 years,0
Kandigai,12.849,80.144,Park Avenue Kandigai - 2 BHK in Kandigai for Rent,"Park Avenue, Kandigai, Chennai, Tamil Nadu, India.","The house is unfurnished. It has easy access to market, schools, hospitals, banks and ATM's as well",Unfurnished,West,Borewell,2,Yes,No,Yes,No,Yes,Yes,Yes,Yes,Yes,Yes,Yes,Yes,Yes,Yes,Yes,No,Yes,Yes,Yes,Yes,9000/M,920,50000,2 Bedroom,Apartment,Family, Immediately,Bike and Car,3-5 years,1
Kandigai,12.858,80.143,Allegria Apartment Kelambakkam - 3 BHK in Kelambakkam for Rent,"Allegria Apartment, Kelambakkam Road, Kandigai, Kelambakkam, Chennai, Tamil Nadu, India.","The house is semi furnished with wardrobes. It has easy access to market, schools, hospitals, banks and ATM's as well",Semi,NA,Both,2,Yes,Yes,Yes,No,No,No,No,No,No,Yes,No,Yes,Yes,No,No,Yes,No,No,No,Yes,10000/M,1360,60000,3 Bedroom,Apartment,Family, Immediately,Bike and Car,1-3 years,2
Kandigai,12.849,80.144,Park Avenue Kandigai - 2 BHK in Kandigai for Rent,"Park Avenue, Kandigai, Chennai, Tamil Nadu, India.","park ,gym facilities are also available ,located in the main of kandigai
The house is Un furnished It has easy access to market, schools, ?hospitals, banks and ATM's as well",Unfurnished,East,Corporation,2,Yes,Yes,Yes,No,No,No,No,Yes,No,Yes,No,Yes,Yes,Yes,No,No,Yes,Yes,No,Yes,10000/M,850,60000,2 Bedroom,Apartment,Doesn't Matter, Immediately,Bike and Car,3-5 years,2
Kandigai,12.853,80.142,Park Avenue Kandigai - 3 BHK in Kandigai for Rent,"Park Avenue, Kandigai, Chennai, Tamil Nadu, India.",Not available,Semi,South,Borewell,3,Yes,Yes,Yes,No,No,No,No,Yes,Yes,Yes,Yes,Yes,Yes,Yes,No,No,Yes,No,Yes,Yes,12000/M,1200,100000,3 Bedroom,Apartment,Family, Immediately,Car,1-3 years,2
Kandigai,12.853,80.142,Boulevard - Vijayshanthi Kandigai - 3 BHK in Kandigai for Rent,"Boulevard - Vijayshanthi, Kelambakkam - Vandalur Rd, Near Indian Bank And Meenachi Hospital","The house is semi furnished with wardrobes,modular kitchen,?geyser,tube lights, fans and electrical fittings",Semi,NA,Both,2,Yes,Yes,Yes,No,Yes,No,Yes,Yes,Yes,Yes,Yes,Yes,Yes,Yes,Yes,Yes,Yes,Yes,Yes,Yes,11500/M,1180,69000,3 Bedroom,Apartment,Doesn't Matter, Immediately,Bike and Car,Newly Constructed,2
Kandigai,12.858,80.143,Allegria Apartment Kandigai - 3 BHK in Kandigai for Rent,"Allegria Apartment, Vengadamangalam Raod, Opp D S Store","The house is semi furnished with wardrobes in all the rooms. It has easy access to market, schools, hospitals, banks and ATM's as well",Semi,East,Borewell,2,Yes,Yes,Yes,No,No,No,No,Yes,Yes,No,No,Yes,Yes,No,No,No,No,No,Yes,No,10000/M,1300,60000,3 Bedroom,Apartment,Family,Immediately,Bike and Car,1-3 years,1
Kandigai,12.856,80.143,Independent House Kandigai - 2 BHK in Kandigai for Rent,"Independent House, Avatar City,near Govt High School","This is a brand new individual house with three individual portions with covered car parking facility. The house is located in Kandigai.The house is unfurnished with lights, fans",Unfurnished,West,Borewell,2,No,Yes,No,No,No,No,No,No,No,No,No,No,No,No,No,No,No,No,No,No,8000/M,1000,40000,2 Bedroom,Independent house,Family, Immediately,Car,Under Construction,1
Kandigai,12.852,80.142,Park Avenue Villa Vandalur - 2 BHK in Vandalur for Rent,"Park Avenue Villa, No.3 Vengadamangalam Road, Melakottaiyur , Kandigai,near Moolacheri Chennai",Not available,Semi,NA,Corporation,2,Yes,Yes,Yes,No,Yes,No,No,No,No,Yes,No,No,Yes,Yes,Yes,No,Yes,Yes,No,Yes,7000/M,921,70000,2 Bedroom,Apartment,Family, Immediately,Bike and Car,Newly Constructed,0
Kandigai,12.858,80.143,Dhanishkha Apartment Kandigai - 3 BHK in Kandigai for Rent,"Dhanishkha Apartment, Near Avatar City,ramesh Kumar And Government School","The house is semi furnished with wardrobes. It has easy access to market, schools, hospitals, banks and ATM's as well",Semi,East,Borewell,2,Yes,Yes,Yes,No,No,No,No,Yes,No,No,No,No,Yes,Yes,No,No,No,Yes,Yes,Yes,8500/M,1270,40000,3 Bedroom,Apartment,Doesn't Matter, Immediately,Bike and Car,3-5 years,1
OMR,12.742,80.196,Pushpadruma Thiruporur - 3 BHK in Thiruporur for Rent,"Pushpadruma, 106, Omr Kalavakkam, Thiruporur, Chennai, Tamil Nadu 603110, India","The house is semi furnished with wardrobes,modular kitchen,geyser,tube lights, fans and electrical fittings",Semi,East,NA,2,Yes,Yes,Yes,No,No,No,No,No,Yes,Yes,No,No,Yes,No,No,Yes,Yes,No,No,No,11000/M,1030,66000,3 Bedroom,Apartment,Family,Immediately,Bike,5-10 years,1
OMR,12.729,80.205,Sare Dewy Terraces OMR Chennai Chennai - 3 BHK in Chennai for Rent,"Sare Dewy Terraces Omr Chennai, Thiruporur, Omr, Chennai",Not available,Semi,NA,Borewell,3,No,Yes,No,No,No,No,No,No,No,No,No,No,No,No,No,No,No,No,No,No,8000/M,1472,30000,3 Bedroom,Apartment,Doesn't Matter, Immediately,Car,3-5 years,3
OMR,12.729,80.205,Sare Dewy Terraces Omr Chennai Thiruporur - 3 BHK in Thiruporur for Rent,"Sare Dewy Terraces Omr Chennai, Sare Jubilee Shelters Private Limited, Crescent Parc Dewy Terraces, Project Office, Sowbhagya Vijayam Nagar, Thiruporur, Thiruporur Village, Chengalpet Taluk, Kancheepuram District, Chennai, Tamil Nadu 603110, India","The house is semi furnished with wardrobes, study table, kitchen cabinets. It has easy access to market, schools, hospitals, banks and ATM's as well",Semi,North-East,Borewell,3,Yes,Yes,Yes,No,Yes,No,No,No,No,Yes,Yes,Yes,Yes,No,Yes,Yes,No,No,Yes,Yes,12000/M,1261,36000,3 Bedroom,Apartment,Family, Immediately,Car,3-5 years,2
OMR,12.729,80.205,Sare Dewy Terraces Omr Chennai Kancheepuram District - 2 BHK in Kancheepuram District for Rent,"Sare Dewy Terraces Omr Chennai, Sare Jubilee Shelters Private Limited, Crescent Parc Dewy Terraces, Project Office, Sowbhagya Vijayam Nagar, Thiruporur, Thiruporur Village, Chengalpet Taluk, Kancheepuram District, Chennai, Tamil Nadu 603110, India","The house is unfurnished. It has easy access to market, schools, hospitals, banks and ATM's as well",Unfurnished,NA,Both,2,Yes,Yes,No,No,Yes,No,No,No,No,Yes,Yes,Yes,Yes,No,No,Yes,No,No,Yes,Yes,8000/M,908,96000,2 Bedroom,Apartment,Family, Immediately,Bike and Car,1-3 years,2
OMR,12.73,80.206,Crescent Parc - Dewy Terraces Thiruporur - 2 BHK in Thiruporur for Rent,"Crescent Parc - Dewy Terraces, Near To Ssn Eng College, Omr Road, Thiruporur, Chennai, Tamil Nadu 603110, India",Not available,Unfurnished,South,Borewell,2,Yes,Yes,Yes,No,Yes,No,No,No,Yes,Yes,Yes,Yes,Yes,No,No,Yes,No,No,Yes,Yes,7000/M,1012,25000,2 Bedroom,Apartment,Doesn't Matter,Immediately,Bike and Car,Newly Constructed,2
OMR,12.729,80.205,Sare Dewy Terraces Omr Chennai Kancheepuram District - 3 BHK in Kancheepuram District for Rent,"Sare Dewy Terraces Omr Chennai, Sare Jubilee Shelters Private Limited, Crescent Parc Dewy Terraces, Project Office, Sowbhagya Vijayam Nagar, Thiruporur, Thiruporur Village, Chengalpet Taluk, Kancheepuram District, Chennai, Tamil Nadu 603110, India","The house is semi furnished with wardrobes. It has easy access to market, schools, hospitals, banks and ATM's as well.
Maintenance per month 2500",Semi,NA,Borewell,2,Yes,Yes,Yes,No,Yes,Yes,Yes,Yes,Yes,Yes,Yes,Yes,Yes,Yes,Yes,Yes,Yes,No,Yes,Yes,6000/M,1275,50000,3 Bedroom,Apartment,Doesn't Matter, Immediately,Bike and Car,Newly Constructed,2
OMR,12.742,80.196,Marg Pushpadruma Kalavakkam - 3 BHK in Kalavakkam for Rent,"Marg Pushpadruma, Kalavakkam, Omr Road, Chennai-600119, Tamil Nadu, India.","All amenities like swimming pool, gym, super market, atm are operational. The property is located on the main road OMR. This flat is with covered car par",Semi,NA,Both,2,Yes,Yes,Yes,No,Yes,No,Yes,Yes,Yes,Yes,Yes,Yes,Yes,Yes,Yes,Yes,Yes,Yes,Yes,Yes,9000/M,1080,40000,3 Bedroom,Apartment,Doesn't Matter, Immediately,Bike and Car,5-10 years,1
OMR,12.729,80.205,Sare Dewy Terraces Omr Kancheepuram District - 3 BHK in Kancheepuram District for Rent,"Sare Dewy Terraces Omr, Sare Jubilee Shelters Private Limited, Crescent Parc Dewy Terraces, Project Office, Sowbhagya Vijayam Nagar, Thiruporur, Thiruporur Village, Chengalpet Taluk, Kancheepuram District, Chennai, Tamil Nadu 603110, India","The house is unfurnished. It has easy access to market, schools, hospitals, banks and ATM's as well",Unfurnished,East,Both,2,Yes,Yes,Yes,Yes,Yes,Yes,Yes,Yes,No,Yes,Yes,Yes,Yes,No,Yes,Yes,Yes,Yes,Yes,Yes,5000/M,1280,20000,3 Bedroom,Apartment,Doesn't Matter, Immediately,Bike and Car,Newly Constructed,2
OMR,12.742,80.196,"Mark pushpadruma Kalavakkam, Tamil Nadu, India - 2 BHK in Kalavakkam, Tamil Nadu, India for Rent","Mark Pushpadruma, Near Star Cold Storage And Angalamman Temple","The house is semi furnished with wardrobes. It has easy access to market, schools, ?hospitals, banks and ATM's as well",Semi,NA,NA,2,Yes,Yes,Yes,No,Yes,No,No,No,Yes,Yes,Yes,Yes,No,Yes,No,No,Yes,No,Yes,Yes,9000/M,920,30000,2 Bedroom,Apartment,Family,Immediately,Bike and Car,3-5 years,2
OMR,12.729,80.205,Sare Dewy Terraces OMR Chennai Thiruporur - 2 BHK in Thiruporur for Rent,"Sare Dewy Terraces Omr Chennai, Thiruporur, Omr, Chennai",Not available,Unfurnished,West,Both,2,Yes,Yes,Yes,No,Yes,No,Yes,Yes,Yes,Yes,Yes,Yes,Yes,No,Yes,Yes,Yes,Yes,Yes,Yes,10000/M,907,100000,2 Bedroom,Apartment,Doesn't Matter, Immediately,Bike and Car,1-3 years,1
ECR,12.905,80.248,Independent House Injambakkam - 3 BHK in Injambakkam for Rent,"Independent House, Akkarai, Australia Avenue, Near Iskcon",Not available,Semi,East,Both,3,No,Yes,Yes,No,No,Yes,No,No,Yes,No,No,Yes,No,No,No,No,No,No,No,No,50000/M,3200,500000,3 Bedroom,Independent house,Doesn't Matter, Immediately,Car,Newly Constructed,2
ECR,12.888,80.245,Independent House Panaiyur - 2 BHK in Panaiyur for Rent,"Independent House, School 7 Th Street Near Amma Unavagam",Not available,Unfurnished,NA,Corporation,2,No,Yes,No,No,No,No,No,No,No,No,No,No,No,No,No,No,No,No,No,No,6000/M,600,40000,2 Bedroom,Independent house,Doesn't Matter, Immediately,Bike,1-3 years,0
ECR,12.905,80.244,Voora villa 96 Injambakkam - 3 BHK in Injambakkam for Rent,"Voora Villa 96, Bhakti Vedanta Swami Rd, Akkarai, Near Iskcon","The property is near to ISKCON temple in a quiet and serene area.
Maintenance is good and so also the security.
The house is semi furnished with wardrobes pooja room , ac, service area . It has easy access to market, schools, hospitals, banks and ATM's as well.
duplex house ",Semi,East,Both,3,Yes,Yes,No,Yes,Yes,No,No,No,Yes,Yes,Yes,Yes,No,No,Yes,Yes,Yes,No,Yes,Yes,60000/M,2200,300000,3 Bedroom,Independent house,Family, Immediately,Car,3-5 years,3
ECR,12.899,80.247,Independent House Injambakkam - 4+ BHK in Injambakkam for Rent,"Independent House, Lily Pond Street, Near Godka Bistro (simran)",It is a exclusive 5 bedroom independent Villa with garden swimming pool full back up generator and fully furnise,Full,North,Borewell,6,Yes,No,No,Yes,Yes,Yes,Yes,No,Yes,Yes,No,Yes,No,Yes,Yes,No,No,Yes,Yes,Yes,200000/M,4500,600000,4+ Bedroom,Independent house,Company, Immediately,Car,1-3 years,3
ECR,12.896,80.248,"Qudrent 4 Panaiyur, - 2 BHK in Panaiyur, for Rent","Qudrent 4, Adityaram Nagar, Panaiyur",Not available,Semi,South,Both,3,Yes,Yes,No,No,No,No,No,No,Yes,No,No,No,No,No,No,No,No,No,No,No,14000/M,1056,56000,2 Bedroom,Apartment,Doesn't Matter, Immediately,Bike and Car,Newly Constructed,1
ECR,12.887,80.246,Independent House Panaiyur - 1 BHK in Panaiyur for Rent,"Independent House, School Street Near Dr. Mgr Statue","The house is unfurnished.It has easy access to market, schools, hospitals, banks and ATM's as wel",Unfurnished,East,Borewell,1,No,Yes,No,No,No,No,No,No,No,No,No,No,No,No,No,No,No,No,No,No,9000/M,600,50000,1 Bedroom,Independent house,Family, Immediately,Bike,Newly Constructed,0
ECR,12.881,80.245,Independent House Panaiyur - 2 BHK in Panaiyur for Rent,"Independent House, 13th Avenue, Sea Shore Town, Near Adityaram Group",Not available,Semi,East,Both,2,No,Yes,No,No,No,No,No,No,No,No,No,No,No,No,Yes,No,No,No,No,No,16000/M,900,50000,2 Bedroom,Independent house,Family, Immediately,Bike and Car,Newly Constructed,1
ECR,12.885,80.251,Independent House Panaiyur - 4 BHK in Panaiyur for Rent,"Independent House, 4th Avenue, Near Shobha Beach House","The house is fully furnished with wardrobes in all the rooms, modular kitchen, TV, washing machine, microwave and water purifier. It has easy access to market, schools, hospitals, banks and ATM's as well",Full,NA,Both,4,No,Yes,No,No,No,No,No,No,No,Yes,No,No,No,No,No,No,No,No,No,No,350000/M,7600,2100000,4 Bedroom,Independent house,Family, Immediately,Bike and Car,1-3 years,0
ECR,12.882,80.245,Independent House Panaiyur - 3 BHK in Panaiyur for Rent,"Independent House, Ecr 12th Avenue Near Bharat Petroleum, Petrol Pump -sree India Enterpriises","Independent Duplex
The house is Semi furnished with wardrobes, modular kitchen,tube light, geyser, fans and electrical fittings",Unfurnished,North,NA,3,No,Yes,No,No,No,No,No,No,Yes,No,No,No,No,No,No,No,No,No,No,No,40000/M,3100,200000,3 Bedroom,Independent house,Doesn't Matter, Immediately,Bike and Car,5-10 years,3
ECR,12.882,80.244,Independent House Panaiyur - 2 BHK in Panaiyur for Rent,"Independent House, 13th Street Adityaram Nagar, Near Adityaram Group And Hp Petrol Pump","The house is semi furnished with wardrobes. It has easy access to market, schools, hospitals, banks and ATM's as well",Semi,East,Both,2,Yes,Yes,No,No,No,No,No,No,No,No,No,No,No,No,No,No,No,No,No,No,16000/M,800,50000,2 Bedroom,Independent house,Doesn't Matter, Immediately,Bike and Car,Newly Constructed,0
Chetpet,13.075,80.235,GURUSHREE APARTMENTS Chetpet - 3 BHK in Chetpet for Rent,"Gurushree Apartments, Near Maharishi Vidya Mandir Senior Secondary School, Inside Maharishi Gardens, Dr. Gurusamy Swamy Road","3BHK House Semi furnished with wardrobes, Cupboards, Kitchen covered with shelves, Chimney, geyser, open car & bike parking. Lights- Fans in all the rooms. Mosquito net, Pooja Room. Servant quarters",Semi,South,Both,4,No,Yes,Yes,No,No,Yes,No,Yes,No,No,No,No,No,No,No,No,No,No,No,No,45000/M,1950,270000,3 Bedroom,Apartment,Family, Immediately,Bike and Car,>10 years,1
Chetpet,13.074,80.233,Undisclosed Chetpet - 2 BHK in Chetpet for Rent,"Undisclosed, Harringstop Road,near Pachaiyappa's College",Not available,Semi,NA,Both,2,No,Yes,No,No,No,No,No,No,No,No,No,Yes,Yes,No,Yes,No,No,Yes,No,No,25000/M,860,150000,2 Bedroom,Apartment,Doesn't Matter, Immediately,Bike,5-10 years,0
Chetpet,13.07,80.235,Alsa Gardens Chetpet - 4 BHK in Chetpet for Rent,"Alsa Gardens, No. 72, Harrington Road, Chetpet, Chennai, 600031, Tamil Nadu, India",Not available,Full,North,Both,4,No,Yes,Yes,Yes,Yes,Yes,No,No,Yes,Yes,Yes,Yes,Yes,Yes,Yes,No,Yes,Yes,Yes,Yes,75000/M,3000,500000,4 Bedroom,Apartment,Doesn't Matter, Immediately,Bike and Car,>10 years,1
Chetpet,13.069,80.236,Golden Homestead Chetpet - 3 BHK in Chetpet for Rent,"Golden Homestead, 7th Avenue, Harrington Road, Chetpet, Chennai, Tamil Nadu, India.",Not available,Semi,North,Corporation,3,Yes,Yes,Yes,No,Yes,No,No,No,No,Yes,No,No,No,No,Yes,Yes,Yes,No,No,Yes,95000/M,2340,400000,3 Bedroom,Apartment,Family, Immediately,Bike and Car,Newly Constructed,3
Chetpet,13.074,80.239,Not disclosed Chetpet - 3 BHK in Chetpet for Rent,"Not Disclosed, Mcnichols Rd,near Chetpet Railway Station And Oppositeour Lady's School","3bhk Apartment in a friendly neighborhood. Walkable distance to prime schools, PH road, metro station, Suburban Railway station, Eco park
The house is semi furnished with wardrobes. It has easy access to market, schools, hospitals, banks and ATM's as well",Semi,NA,Both,3,Yes,Yes,Yes,No,No,No,No,No,No,No,No,No,No,No,No,No,Yes,No,Yes,Yes,35000/M,1330,175000,3 Bedroom,Apartment,Doesn't Matter,Immediately,Car,5-10 years,1
Chetpet,13.07,80.235,Alsa Gardens Chetpet - 2 BHK in Chetpet for Rent,"Alsa Gardens, No. 72, Harrington Road, Chetpet, Chennai, 600031, Tamil Nadu, India","The house is unfurnished.It has easy access to market, schools, hospitals, banks and ATM's as well",Unfurnished,NA,Both,2,Yes,Yes,Yes,No,Yes,No,No,No,No,No,Yes,No,No,No,No,Yes,No,No,Yes,No,25000/M,900,75000,2 Bedroom,Apartment,Family,Immediately,Car,>10 years,0
Chetpet,13.075,80.234,Raman Chetpet - 3 BHK in Chetpet for Rent,"Raman, New Avadi Rd Near Pachaiyappas College",Not available,Semi,NA,NA,3,Yes,No,Yes,No,No,No,No,No,No,No,No,No,No,No,No,No,No,No,No,No,40000/M,1600,400000,3 Bedroom,Apartment,Family, Immediately,Bike and Car,>10 years,4
Chetpet,13.072,80.248,Madeline court Chetpet - 3 BHK in Chetpet for Rent,"Madeline Court, Spur Tank Road Near Shree Mithai",highly ventilated newely renovated. with lots of greenery around the flat. Near Lady Andal chinmiya school. close to shri mitta,Semi,South,Both,3,Yes,Yes,Yes,No,No,No,No,No,No,No,No,No,Yes,No,No,No,No,No,No,No,45000/M,1500,450000,3 Bedroom,Apartment,Family,Immediately,Bike and Car,>10 years,1
Chetpet,13.071,80.242,Independent House Chetpet - 1 BHK in Chetpet for Rent,"Independent House, Brundavanam 2nd Street, Near G 7 Chetpet Police Station",Near by railway Station with 3 face electricity along with 2 door entranc,Unfurnished,North,Both,1,No,Yes,No,No,No,No,No,No,No,No,No,No,No,No,No,No,No,No,No,No,10000/M,600,50000,1 Bedroom,independent house,Doesn't Matter, Immediately,Bike and Car,1-3 years,1
Chetpet,13.068,80.237,Indira Arcade Chetpet - 3 BHK in Chetpet for Rent,"Indira Arcade, Harrington Rd, 7th Ave, Near Lady Andal Venkatasubba Rao Matriculation School","Looking to rent a house for Rs. 50000? This home is perfect for families near premium schools, mall, quiet and posh locality, hospitals and restaurant",Full,East,Both,4,Yes,Yes,Yes,Yes,No,No,No,No,No,No,No,No,Yes,No,Yes,No,No,No,No,No,50000/M,2400,240000,3 Bedroom,Apartment,Doesn't Matter, Immediately,Bike and Car,5-10 years,4
Nungambakkam,13.057,80.234,Independent House Nungambakkam - 2 BHK in Nungambakkam for Rent,"Independent House, Em El Em Kalyana Mandapam, Mahalingapuram Main Road, Mahalingapuram, Nungambakkam, Chennai",Not available,Semi,North,Both,2,No,No,No,Yes,No,No,No,No,No,No,No,No,No,No,No,No,No,No,Yes,Yes,27000/M,1150,270000,2 Bedroom,independent house,Family, Immediately,Bike and Car,>10 years,1
Nungambakkam,13.059,80.237,Isha Sahana Nungambakkam - 3 BHK in Nungambakkam for Rent,"Isha Sahana, Kamdar Nagar 2nd Street, Near Loyola Institute Of Business Administration",Not available,Semi,North,Both,3,Yes,Yes,Yes,Yes,No,No,No,No,Yes,Yes,No,No,No,No,No,No,No,No,Yes,Yes,50000/M,2050,300000,3 Bedroom,Apartment,Family, Immediately,Bike and Car,5-10 years,6
Nungambakkam,13.06,80.239,Independent House Nungambakkam - 2 BHK in Nungambakkam for Rent,"Independent House, Shenoy Road,near, Srishti Montessori School",Large two bedroom apartment type individual house - Independent i floor with large balcony and sit out with open car park in front of the house. Copious bore and metro water. Easy reach to all shops and market area and temples,Semi,East,Both,2,No,No,No,No,No,No,No,No,No,No,No,No,No,No,No,No,No,No,No,No,16000/M,1100,100000,2 Bedroom,independent house,Family,Immediately,Bike and Car,5-10 years,1
Nungambakkam,13.06,80.239,Ranga flats Nungambakkam - 1 RK in Nungambakkam for Rent,"Ranga Flats, Deivanayagam Street, Near Sri Mutthu Maari Amman Temple,pushpa Nagar And Police Station","1RK in nungampakkam with fully furnished
The house is fully furnished with wardrobes, Bed, tv, microwave and water purifier,a/c ,tube light, geyser, fans and electrical fittings",Full,East,Both,1,No,Yes,No,Yes,No,No,No,No,No,No,No,No,No,No,Yes,No,No,No,No,No,8000/M,250,50000,1 Bedroom,Apartment,Bachelor's, Immediately,Bike,5-10 years,1
Nungambakkam,13.06,80.243,Independent House Nungambakkam - 3 BHK in Nungambakkam for Rent,"Independent House, Valluvar Kottam High Rd Ponnangipuram Near F3 Police Station Nungambakkam",Not available,Semi,NA,Both,2,No,No,No,No,No,No,No,No,No,No,No,No,No,No,No,No,No,No,No,No,15000/M,1200,35000,3 Bedroom,independent house,Bachelor's, Immediately,Bike,Newly Constructed,0
Nungambakkam,13.063,80.243,Prithvi apartment Nungambakkam - 2 BHK in Nungambakkam for Rent,"Prithvi Apartment, No. 65, 1st Floor, Valluvar Kottam High Rd, Seetha Nagar Near Hotel Guru Chettinad Restaurant",Not available,Full,North,Both,2,Yes,Yes,Yes,Yes,No,No,Yes,No,No,No,No,No,No,Yes,No,No,No,No,Yes,Yes,35000/M,1050,280000,2 Bedroom,Apartment,Company,Immediately,Bike and Car,>10 years,1
Nungambakkam,13.054,80.242,Not Disclosed Nungambakkam - 2 BHK in Nungambakkam for Rent,"Not Disclosed, Veerabadran Street Near Valluvar Kottam","The house is Semi furnished with wardrobes, modular kitchen,tube light, geyser, fans and electrical fittings",Semi,North,Both,2,Yes,Yes,No,No,No,No,No,No,No,No,No,No,No,No,No,No,No,No,No,No,20000/M,1100,100000,2 Bedroom,Apartment,Family, Immediately,Bike and Car,>10 years,2
Nungambakkam,13.062,80.235,SR Apartments Nungambakkam - 3 BHK in Nungambakkam for Rent,"Sr Apartments, Sterling Rd Near Loyolla College",Not available,Semi,West,Both,3,Yes,Yes,Yes,Yes,No,No,No,Yes,No,No,No,No,No,Yes,No,No,No,No,Yes,No,37000/M,1550,400000,3 Bedroom,Apartment,Doesn't Matter, Immediately,Bike and Car,>10 years,1
Nungambakkam,13.057,80.241,Krishna Kuteeram Nungambakkam - 2 BHK in Nungambakkam for Rent,"Krishna Kuteeram, Corporation School Rd, Near Independence Day Park","The house is semi furnished with wardrobes. It has easy access to market, schools, hospitals, banks and ATM's as well",Semi,North,Both,2,No,No,Yes,Yes,No,No,No,No,No,No,No,No,No,No,No,No,No,No,Yes,Yes,25000/M,890,150000,2 Bedroom,Apartment,Family, Immediately,Bike and Car,5-10 years,0
Nungambakkam,13.061,80.238,Jains La Gardenia Nungambakkam - 3 BHK in Nungambakkam for Rent,"Jains La Gardenia, Plot No 18-b, Kothari Road, Nungambakkam, Chennai 600034, Tamil Nadu, India.","The house is semi furnished with Wardrobes and Basic electric fittings.It has easy access to market, schools, hospitals, banks and ATM's as well",Semi,East,Both,3,Yes,Yes,Yes,Yes,No,No,No,No,No,No,No,No,No,No,No,No,No,No,No,No,45000/M,1840,270000,3 Bedroom,Apartment,Doesn't Matter, Immediately,Car,>10 years,0
Nanganallur,12.99,80.192,Shree Hari Om Apartments Nangainallur - 2 BHK in Nangainallur for Rent,"Shree Hari Om Apartments, 19th Street, Near Khadi Gramudyog Bhavan","The house is semi furnished with wardrobes, Fans, Lights",Semi,North,Both,2,No,No,No,No,No,No,No,No,No,No,No,No,No,No,No,No,No,No,No,No,10000/M,700,50000,2 Bedroom,Apartment,Family, Immediately,Bike,>10 years,0
Nanganallur,12.98,80.182,Independent House Nangainallur - 1 BHK in Nangainallur for Rent,"Independent House, Nehuru Colony Near Vetrrivel Cinemas",Not available,Unfurnished,East,Both,1,No,Yes,No,No,No,No,No,No,No,No,No,No,No,No,No,No,No,No,No,No,8000/M,350,40000,1 Bedroom,Independent house,Bachelor's, Immediately,Bike,5-10 years,0
Nanganallur,12.979,80.184,Independent House Nangainallur - 1 RK in Nangainallur for Rent,"Independent House, Iyyappan Nagar 3rd Street, Near Hindu Mission Hospital","House available for family or working bachelors
The house is unfurnished. It has easy access to market, schools, hospitals, banks and ATM's as well",Unfurnished,North,Both,1,No,Yes,No,No,No,No,No,No,No,No,No,No,No,No,Yes,No,No,No,No,No,3500/M,500,10000,1 Bedroom,Independent house,Doesn't Matter,Immediately,Bike,>10 years,0
Nanganallur,12.981,80.188,"Nithya Flats Nangainallur, Chennai, Tamil Nadu, India - 2 BHK in Nangainallur, Chennai, Tamil Nadu, India for Rent","Nithya Flats, Flat No S2, Nithya Flats 42nd Thillai Ganganagar Colony, Naganallu","FACILITIES : LIFT WITH ONE PRIVATE TERRACE, CAR PARKING
MASTER BEDROOM WITH REST ROO",Semi,East,Both,2,No,Yes,Yes,No,No,No,No,No,No,No,No,No,No,Yes,No,No,No,No,Yes,No,15000/M,900,75000,2 Bedroom,Apartment,Family, Immediately,Car,1-3 years,1
Nanganallur,12.98,80.193,Independent House Nangainallur - 1 BHK in Nangainallur for Rent,"Independent House, Macmillan Colony, Near Adyar Anandha Bhavan","The house is semi furnished with wardrobes. It has easy access to market, schools, hospitals, banks and ATM's as well",Semi,NA,NA,1,No,Yes,No,No,No,No,No,No,No,No,No,No,No,No,No,No,No,No,No,No,6000/M,500,30000,1 Bedroom,Independent house,Doesn't Matter, Immediately,Bike,3-5 years,0
Nanganallur,12.977,80.182,Standalone Building Nangainallur - 2 BHK in Nangainallur for Rent,"Standalone Building, 21st Street, Hindu Colony, Near Hindu Colony Venkateshvara School",Not available,Semi,West,Both,2,No,Yes,No,No,No,No,No,No,Yes,No,No,No,No,No,Yes,No,No,No,Yes,No,14000/M,1200,60000,2 Bedroom,Independent house,Doesn't Matter,Immediately,Bike and Car,>10 years,0
Nanganallur,12.979,80.181,Not Disclosed Nangainallur - 3 BHK in Nangainallur for Rent,"Not Disclosed, Telegraph Colony, Near Arasadi Vinayakar Temple","Only for a small family and strictly pure vegetarian.
Maintenance will be Discussed by Property Owner.
The house is Semi furnished with wardrobes, modular kitchen,tube light, geyser, fans and electrical fittings",Semi,North,Corporation,2,No,No,Yes,No,No,No,No,Yes,No,No,No,No,No,No,No,No,No,No,Yes,No,25000/M,1100,150000,3 Bedroom,Apartment,Family, Immediately,Bike and Car,Newly Constructed,3
Nanganallur,12.979,80.184,Yamuna Flat Nangainallur - 2 BHK in Nangainallur for Rent,"Yamuna Flat, Sriram Colony Near Hindu Mission Hospital","The house is semi furnished with wardrobes. It has easy access to market, schools, hospitals, banks and ATM's as well",Semi,East,Corporation,2,No,No,No,Yes,No,No,No,No,No,No,No,No,No,No,No,No,No,No,No,No,12000/M,660,100000,2 Bedroom,Apartment,Family, Immediately,Bike,3-5 years,0
Nanganallur,12.979,80.185,Independent House Nangainallur - 2 BHK in Nangainallur for Rent,"Independent House, Iyyappan Nagar 3rd Street, Near Hindu Mission Hospital","House available for family or working bachelors
The house is unfurnished. It has easy access to market, schools, hospitals, banks and ATM's as well",Unfurnished,NA,Both,1,No,Yes,No,No,No,No,No,No,No,No,No,No,No,No,No,No,No,No,No,No,9500/M,950,45000,2 Bedroom,Independent house,Doesn't Matter,Immediately,Bike,>10 years,0
Nanganallur,12.985,80.181,Arunalaya Flat Nanganallur - 3 BHK in Nanganallur for Rent,"Arunalaya Flat, 2nd Joseph Street Near Agurchand Manmull Jain School And Agurchand Manmull Jain College (am Jain College)","The house is fully furnished with wardrobes , modular kitchen, TV, washing machine, microwave and water purifier. It has easy access to market, schools, hospitals, banks and ATM's as well.
flood safe zon",Full,North,Both,3,No,Yes,No,Yes,No,No,No,No,No,No,No,No,Yes,No,No,No,No,Yes,No,No,24000/M,1220,125000,3 Bedroom,Apartment,Doesn't Matter, Immediately,Bike and Car,>10 years,1
Chrompet,12.952,80.149,Independent House Chromepet - 2 BHK in Chromepet for Rent,"Independent House, Church Rd, Panchayat Colony,, Near Evangelical Church Of India","The house is semi furnished with wardrobes, Cupboards, Semi Modular Kitchen, Exhaust fan, Car & bike parking. Lights-fans. It has easy access to market, schools, hospitals, banks and ATM's as well",Semi,East,Both,1,No,Yes,No,No,No,No,No,No,No,No,No,No,No,No,No,No,No,No,No,No,10000/M,850,49000,2 Bedroom,Independent house,Family, Immediately,Bike and Car,1-3 years,0
Chrompet,12.95,80.138,K V Apartments Chromepet - 2 BHK in Chromepet for Rent,"K V Apartments, Gst Road Near Railway Station","Very Near to Bus Stand and Railway Station, the house is semi furnished with wardrobes. It has easy access to market, schools, hospitals, banks and ATM's as well",Semi,East,Both,3,Yes,Yes,No,No,No,No,No,No,No,No,No,No,No,No,No,No,No,Yes,No,No,12500/M,900,65000,2 Bedroom,Apartment,Family, Immediately,Bike,>10 years,2
Chrompet,12.949,80.16,"Future home Pineville Chromepet, Chennai, Tamil Nadu, India - 2 BHK in Chromepet, Chennai, Tamil Nadu, India for Rent","Future Home Pineville, Future Homes Pineville Mylarasu Nagar, Nemilicherry Chenna",Not available,Semi,West,Borewell,2,Yes,Yes,No,No,No,No,No,No,No,No,No,No,No,Yes,Yes,No,No,Yes,No,Yes,11500/M,900,115000,2 Bedroom,Apartment,Family, Immediately,Bike and Car,3-5 years,2
Chrompet,12.943,80.142,Sabari Sastha Flats Chromepet - 2 BHK in Chromepet for Rent,"Sabari Sastha Flats, Nehru Nagar, Near Nsn Matriculation Higher Secondary School","The house is unfurnished with lights, fans",Unfurnished,South,Both,2,No,Yes,No,No,No,No,No,No,No,No,No,No,No,No,No,No,No,No,No,No,8000/M,700,50000,2 Bedroom,Apartment,Doesn't Matter, Immediately,Bike,>10 years,2
Chrompet,12.948,80.14,rasi Chromepet - 1 BHK in Chromepet for Rent,"Rasi, 2nd Valluvar St,gandhi Nagar, Near Chromepet Railway Station, Central Bank Of India",Not available,Unfurnished,South,Both,1,Yes,Yes,No,No,No,No,No,No,No,No,No,No,No,No,No,No,No,No,Yes,Yes,6000/M,400,25000,1 Bedroom,Apartment,Doesn't Matter, Immediately,Bike,1-3 years,1
Chrompet,12.938,80.15,Independent House Chromepet - 3 BHK in Chromepet for Rent,"Independent House, Hasthinapuram,vinobhaji Nagar, 13th Street Near Sri Devi Karumariamman Putru Aalayam","The house is unfurnished. It has easy access to market, schools, hospitals, banks and ATM's as well",Unfurnished,NA,Both,2,No,Yes,No,No,No,No,No,No,No,No,No,No,No,No,No,No,No,No,No,No,13000/M,1000,100000,3 Bedroom,Family,Family, Immediately,Bike,Newly Constructed,0
Chrompet,12.949,80.156,"KRTIN Flats Padavettamman Temple, Radha Nagar Main Road, Chromepet, Chennai, Tamil Nadu, India - 2 BHK in Padavettamman Temple, Radha Nagar Main Road, Chromepet, Chennai, Tamil Nadu, India for Rent","Krtin Flats, Gajalakshmi Colony, Near Padavettamman Temple",Not available,Semi,NA,Corporation,2,No,Yes,No,Yes,No,No,No,No,No,No,No,No,No,No,No,No,No,No,Yes,No,10000/M,900,80000,2 Bedroom,Apartment,Doesn't Matter, Immediately,Car,5-10 years,0
Chrompet,12.943,80.156,Ramavasantham Chromepet - 3 BHK in Chromepet for Rent,"Ramavasantham , Vinoboji Nagar, Near Hasthinapuram Bus Terminus And Hotel Vaigai",Not available,Semi,NA,Both,3,No,Yes,No,No,No,No,No,Yes,No,No,No,No,No,No,No,No,No,No,Yes,Yes,12500/M,1200,62500,3 Bedroom,Apartment,Doesn't Matter, Immediately,Bike and Car,3-5 years,2
Chrompet,12.951,80.16,Velan illam Chromepet - 1 BHK in Chromepet for Rent,"Velan Illam, Ranganathan St Near Shri Chitanya Maha Ganapathi Aalayam","The house is semi furnished with wardrobes. It has easy access to market, schools, hospitals, banks and ATM's as well.
veg is preferable",Semi,NA,Both,1,No,Yes,No,No,No,No,No,No,No,No,No,Yes,Yes,No,Yes,No,No,Yes,No,No,6000/M,550,25000,1 Bedroom,Apartment,Bachelor's, Immediately,Bike,1-3 years,0
Chrompet,12.951,80.159,Velan Illam Chromepet - 2 BHK in Chromepet for Rent,"Velan Illam, Ranganathan St Near Shri Chitanya Maha Ganapathi Aalayam",Not available,Semi,NA,Both,2,No,Yes,No,No,No,No,No,No,No,No,No,Yes,Yes,No,Yes,No,No,Yes,No,No,11000/M,950,50000,2 Bedroom,Independent house,Family, Immediately,Bike and Car,1-3 years,1
